1	fc0df31a18b6acdcd01a4507060287097a50b4f4	a5c9b1399643
2	4cc55858fd5d1a1cce59a231b76286ad41708005	a5c9b1399643
3	ebba183f1e95765e4d12dc4de2e2901221463ce8	a5c9b1399643
4	b051ed05d777869c61ad95f9bf01a5b1293fa567	a5c9b1399643
5	65de016c3891fe9c815321b5caf612e64cb1a1ce	a5c9b1399643
6	65478ea731f5adb187cd806978c048a6f2bb234b	825673cc1940
7	2ffefcec733cbf2f7b31fa312a6f975a50e79e1f	825673cc1940
8	0fd1435f4b9bbca92747b4b2ccc0b38823f1a0ff	825673cc1940
9	7632993ebe6343a92166375f5b7d86541b96e558	825673cc1940
10	2bd1e80f6c72667b5cc7b8603d38cd0f96249ad6	825673cc1940
11	f86b9bdfcf0051bfeee526925547d9dbd521ccc7	825673cc1940
12	a8196947129618f2728b01178a9aff75f4ef525a	825673cc1940
13	affedd65ba768fca9d8e8c6c08bf5904fd33394e	825673cc1940
14	11b8c97f417737f4c7b03bab6a65765f30799b1d	825673cc1940
15	1e1de63244938d32086f4e81e20171a744b137de	825673cc1940
16	11fb0d0215bc6b428967712fca7a4dd498769636	825673cc1940
17	322e440e78b4b945f181e24c90c50cd9146e3045	825673cc1940
18	8865d869db2367a6d48459eea739ebb8369eb1b7	825673cc1940
19	1a20eb8494b60ad5b6a388fb0f65a0c53b8362e7	825673cc1940
20	c7241f5314b52ad748c24d8f76087e0be4835d09	825673cc1940
21	99c46e7661a8d7d8196511bddfe587cb63106d8f	825673cc1940
22	361b9a58cbcc4b293424e875aa7714cf079989d0	825673cc1940
23	d4906be4f004e57e10c913046e517264dadfb245	825673cc1940
24	e95313adad341f7333b210a6845af1e2fdc77a37	825673cc1940
25	53b7e74c9cbad49ec68175f1e3aeb256b8c6200e	825673cc1940
26	e70366a65ad187dd0a2de25450fe4d8dd5cfe31a	825673cc1940
27	dbf16a0eb8242573e91f63a1c23aa7525734c7bd	825673cc1940
28	a6a75645e489c71d3098afcce5bcc4992db6a467	825673cc1940
29	ee579ecbd69447c6f43ecb22f9f3d3102580138b	825673cc1940
30	fe967cd1ffc9817fbdbd041a1e307702cab2a6b6	825673cc1940
31	c6d868cf06b9f17d423f2108d8487b23032c767f	825673cc1940
32	b4151361de7a9a8b8fc786ed7d3c324488bcd261	825673cc1940
33	e6b352d126a1c22f487a1768c019f502164bf2ba	825673cc1940
34	12d7ccf63b740cf77991bf6064c4307d179d3c4b	825673cc1940
35	c15e09d2a62022935ff9de2c98185ddc24341440	825673cc1940
36	87f55416c18f9663587ae274627529498696a3eb	825673cc1940
37	4488c2b5ad5a9f3d751d9ae5fa96e313a70f90c0	825673cc1940
38	2fe50bd5577465ba2387b9b66d13df3b479b511d	825673cc1940
39	e79fa9472b693cea8962a610ec6166ad5f95d096	825673cc1940
40	3a7bd6924a67c301b8811f521de6ed07c7cf0c3c	825673cc1940
41	94df772485c92866ca417d92137747b2e3b0a917	825673cc1940
42	f0fc6c50baafca642dd8e3e8d3308834ea1f2d22	825673cc1940
43	1822521a143a3a183a41c8a6c567a29371bb50ee	825673cc1940
44	0c23e8dde01105d088f7043485f5cc740963240b	825673cc1940
45	a1c022fef69f46e71d180b59cb261c9feba0ab22	825673cc1940
46	b355733aa1b55718ec488f212e5919f6491a23cd	825673cc1940
47	4d06882c684de18d232bb78af9ff216b9b367cd9	825673cc1940
48	050829f2746320edd6917f77e966dbfe7fcb129b	825673cc1940
49	3ea491c0a603f50ca0fb2505badd332fbd141f75	825673cc1940
50	b4d728d01834b04bb01c6c7bdd42e58017d41c40	825673cc1940
51	a148520ffb0a287ef61e6ba3ff8161be5c844bf5	825673cc1940
52	1dff6f160fc944c8f7bf9d70f6580913d31c1cd6	825673cc1940
53	25b65feb362d96acb28ca0a5f039c6197918a3de	825673cc1940
54	8ac1ba416e7f1365575b5d9c1ea7941c4af5bf2d	825673cc1940
55	9e310491597151fcf783191fd5df05c363b09b50	825673cc1940
56	0d10e279c8b604f71829b5d49d092719f4ae96b6	825673cc1940
57	aafb64a1c549b7b927e339df6d35b1d5059dc235	825673cc1940
58	d47339e2740360e6e0994527d5e4752007480f3a	825673cc1940
59	a5ff796c2074b85bf374b33743317a59cb403eb0	825673cc1940
60	b88da9b0ded73bf63fd11e589b52d9cf1e95f7d8	825673cc1940
61	679004914fceb1c418545fb33c707fb454cbc4bb	825673cc1940
62	65ac0a1a2bd4e04e2ff5b7342d7a121cd6b3a5f5	825673cc1940
63	11fd27ade73c5049295a58eb0587e283241d0e70	825673cc1940
64	23b269d5f9d3e3604d30b123524f330e7c43b66d	825673cc1940
65	d0a9f468889d7d45270a7902974ab6c5b8144cd1	825673cc1940
66	4703f01cf411bd3e3f97c2487deac8a1ef92ac8d	825673cc1940
67	1f0ad823c96d0874393cdc51e14be45d02aa96c6	825673cc1940
68	624bc85143c90e8e2eaf5f0471942d96157cec8f	825673cc1940
69	59cf4112d224722030a4b485fc8bda9778a630ca	825673cc1940
70	bf177030126c6b5d5ec57171c414891b53206ff6	825673cc1940
71	3da18a2df95cfab5afa46ab16bf3d106c9aea3c9	825673cc1940
72	6aefa450563aaa1720608b2bb83c400e9e99f927	825673cc1940
73	e1eb06fae0365d1bb05a3297befe50a0e7e2811a	825673cc1940
74	eeb6d237b64a898c0d97f3fbac5dc8359fbb44de	825673cc1940
75	f10e2f884a55c285b9c99c1a640e14333180470f	825673cc1940
76	84b48121bbdc92a88a54fce6d59c8ca37c412031	825673cc1940
77	d992cd46e6483be48c606f78a7781f040b525c44	825673cc1940
78	68196f5b14408cda9a6170a9b1376cbeba54e83a	825673cc1940
79	5310da351d3916477f78d249ff2fce8e94eb5539	825673cc1940
80	a0431e226f355204db914da021098bbf9d9e3615	825673cc1940
81	fcc89c4bb264d665929b00eeebc479a643a90896	825673cc1940
82	7d08a3518a5fda0d964c6ec3983c2998e4fd9211	825673cc1940
83	fcc85bdfbc3a03fc2844417259b598ec5ac41b63	825673cc1940
84	a1f2600883f9d80139b81c7408ddc28d0f7f6301	825673cc1940
85	3d6ae1134051c2b4bf9ccf5e1e3ca998f398f024	825673cc1940
86	8893e39712492ef0317df4bff4a58b7ba633860e	825673cc1940
87	b2da44d6cb2e27804c3985861a9ad37883cf5d1d	825673cc1940
88	de8eaaba894ddec63fb423d11fecb236c3e9fc7e	825673cc1940
89	e7533aa6f06bcd2e5a1b0f251b6f0f736109db2c	825673cc1940
90	c49ffbfba82bb1404bc9bab46922c6c169da2322	825673cc1940
91	e4eadb9a81e9e3bcde2b335a5a7297ce1369c856	825673cc1940
92	981f59b1638ee7f23c382c3cd94643f06609289c	825673cc1940
93	4d9563900172ef828cf08923c7a41011b3e5e519	aaa8832c3b10
94	cf9d57d56cac21fc59465b8d26cf29bf6d2a87b3	aaa8832c3b10
95	af6d5d3d7c1538b7a13ede72da76a0d582fc5441	aaa8832c3b10
96	ee0c920dffb2e57e6a914f8c33141bf376134b55	825673cc1940
97	6cdb6894d42446dd679d61dc9be011078015b7e8	825673cc1940
98	d00ca18ac2ac4fe20c9abdba8333fe2fd5e4b553	825673cc1940
99	2f712c7456869d4edbdc13c993dcdb00e7b5ccb2	825673cc1940
100	9ed906758e052bdd791702bd7a43c48f8d438849	825673cc1940
101	1f5538f79dd452defaaf125f18911e3769d919ec	825673cc1940
102	7119a16b5fded352bbed99d5b8829dbc830d475a	825673cc1940
103	f09bdef15ee6f3dc8bcdb3d16eb02b43a9cf813e	825673cc1940
104	e65ea3a45bb467b929b5641044eaab77f415e12e	825673cc1940
105	49b9336558521209c6c4adf3ea3dc880a9ac206d	825673cc1940
106	4047de4f6e0c86db54a45c624543d43100340dbb	825673cc1940
107	9d7e8f117593f382cbaaecadc021fed347db86dc	825673cc1940
108	c3bd4463bed961340bf736da5b1b3eeac453160d	825673cc1940
109	94117a5d239bd7686b485e2f820e79a522f0fd19	825673cc1940
110	702fd95af3408b157167bfd30728c66a212aeae7	825673cc1940
111	57d105d498e403b62020e53238dd1e821c2fc0ea	825673cc1940
112	cf862d0fed7f9407e4b046d78d3d8050d2080d12	825673cc1940
113	123bb1af7bfae41d805337fef4b41045ef6c7d25	825673cc1940
114	9f6fa94c91a87b71e4c6868dbf2ce431a48517b0	825673cc1940
115	f8d0c47bdb788145afa4bd1138da559b967481c8	825673cc1940
116	12b2daccf3647eaafc59364dc9d172bd336f4ff2	825673cc1940
117	b6974ecbc9d78552e4a019b0aca234397bb4cf70	825673cc1940
118	415962da347645ce35b27f45c50a29c1e4ceff47	825673cc1940
119	4fce9cce865a2605c022fa2455dc0ace8c836c89	825673cc1940
120	29f312dd699cf9eaf4635c59626c970833312047	825673cc1940
121	c0ff1fef9b076ca565da61a69573907d3b1ef376	825673cc1940
122	cb6df3ffadd70b51ee16d06fb7e0c7d9f44c17cd	825673cc1940
123	c66d95d11631801bb1b58bea93448521e30291a8	825673cc1940
124	030d0c14cc5e411758aaa4680e11ba82ebf61bc0	eb255d01e0ee
125	cf1842dc6f64c49451a022308b4415e4d468be0a	eb255d01e0ee
126	e3d579889634faf7b12468c10621a8d8bb0046d0	eb255d01e0ee
127	c597601cf151a757dcf800548f18034d4ddfe2cb	eb255d01e0ee
128	76e5296d0d05ceb3018a9901639e0e171b44a557	eb255d01e0ee
129	30e1e7af7c63db9b55f5a3cda977a6c032f0b132	eb255d01e0ee
130	3d971db426c1bc30b266e9aa4394513e0f02b1fa	eb255d01e0ee
131	a1b37d0abe1769664a2c0c3789ba0eb916988231	eb255d01e0ee
132	4ec6e76ea2eec16f54b58e8c95b4c734e59481e4	eb255d01e0ee
133	466eb8e3f8a65080f2b3ca4a79ab7b72bd539dba	eb255d01e0ee
134	227d3398d6b967879761ebe02c1b63dbd6ea6e0d	eb255d01e0ee
135	b7ce06224bb6a1ad22dece90ac5ca530eef1685c	eb255d01e0ee
136	4bfb88009342fb568295a7f6dc4b7fee74fbf022	eb255d01e0ee
137	e58f7ec027d00b7cdcbf63e518c1b5268b29b3da	eb255d01e0ee
138	cc84a446be20cc283bafdc4d94c050ba1111ac02	eb255d01e0ee
139	1934059554b9a0971e00f79e96900f422cfdd114	eb255d01e0ee
140	b0dfcde04c29d59d0c480eb4f983821df5b49446	eb255d01e0ee
141	ef34500693e8c4a2849d41a4bd66fd19c9ec46c2	eb255d01e0ee
142	2f65e80a3471d053fdc3f8aed23d01dd1782a5cb	eb255d01e0ee
143	3a20692c1870805160006a9bca3bc2c2d177a62e	eb255d01e0ee
144	b1e9a6c0da892004180ac23ab39f4e95931e8d4e	eb255d01e0ee
145	29cfc7a76714a89128614f8db7a7c689e476c064	eb255d01e0ee
146	5916f7064093938ca6b8e989c207ce8d976163f1	eb255d01e0ee
147	3c1bfe125cb5def3caf2fd0820b76fc2f39776d9	eb255d01e0ee
148	2683d4d9873df87c4bdccc523903ddd78d1ad250	eb255d01e0ee
149	795c3acabed25c9672006b2c0f40be8845064827	eb255d01e0ee
150	ab8489a851b77bc94a2b308b236e36f54a4d4052	eb255d01e0ee
151	84237ff48e69825c94261c624eb0376d0c328139	eb255d01e0ee
152	c784f76c77a225b814817250009a87980b9f9e59	eb255d01e0ee
153	50b3c30dfa89830f8f477ce33713500740ac3b79	eb255d01e0ee
154	74d052520101a36c86121de9c3d700342efc8683	eb255d01e0ee
155	bb5ab5916f725f89f6059e841e05acea628c9ab6	eb255d01e0ee
156	99db5db9a4384cfa4c65ce4b6471005bfd0f8013	eb255d01e0ee
157	3c18c8351314d36615def26406200f91dc03cb3d	eb255d01e0ee
158	075a06f40bdc4f836c7dd7cad690d253a57cfc50	eb255d01e0ee
159	f11b5eadc8c988495b83ce7cd7fd486c0884678f	eb255d01e0ee
160	cea3fe4165306c6758225ac3fca3d3dd89a21c98	eb255d01e0ee
161	51d3df6c9f7b56b860c8fb24abe7bab255cd4fa9	eb255d01e0ee
162	24cf9308dee984d49357a949c96d6fb5a1a38bd4	eb255d01e0ee
163	32626cc2512def727cecff310fea62ec004b4dd4	eb255d01e0ee
164	05f75e360bf047de359cfce0581a93ea857a0a72	eb255d01e0ee
165	2d6a2e01334b604b5ab6876560e0e5b1f46886e6	9361cfcd3595
166	6e9c6edd9140a43e95aa5dc7b887b189ad2be66c	9361cfcd3595
167	1217ca9e9f0134fe4666b3c81771af545c4c1b9d	9361cfcd3595
168	eb6dd6ef6b5594baf44687ff5835a2bc6bb9d8f6	9361cfcd3595
169	8738160e169c34662f337f8e8e61879400b3e09f	9361cfcd3595
170	9a85c2616197006ec3cc6c6b2e4c2a8994350345	9361cfcd3595
171	2c9947eec925a49d42d011eba39f500d71f448b8	9361cfcd3595
172	6c9f76c1002a9bb9685db82fbaf1c2f9f34e7055	9361cfcd3595
173	186cce3ece6ce6dfcb58ac8b2a63f7846c3493ad	9361cfcd3595
174	b537ca70a35680db66f1f5b8b437f7114daa699a	9361cfcd3595
175	a167d9e381e5c84bc03de4e261757b031c0c690d	9361cfcd3595
176	de5df3e56f2d3edb077937107c7c17adee5aa1ab	9361cfcd3595
177	ddf268b07443f0d6abde6bf2022e6ffb32291c57	9361cfcd3595
178	71a7b648602e145c5fce3f98e417beccb9c4b78b	9361cfcd3595
179	3efee9fda833bfe2b9627b1ba2690553fa656ad5	9361cfcd3595
180	9ecc96878f4a57bf61b1787ca109867fa48f076d	9361cfcd3595
181	00d5e225a6904b45a7f3c4197f235663b10e3555	9361cfcd3595
182	82295f9e4f245a04bafce9b3e0d08b6d9c5f7fed	9361cfcd3595
183	bfbd8fe0d85f1dd21e508748fc10fc4c27cc51be	9361cfcd3595
184	9189b3322aa4ec038aa7311a40da633ae7a9960a	9361cfcd3595
185	9abe75e072050f34732a7169740989a082b65134	9361cfcd3595
186	b9cc911831b0b3e1bb72f142389428e59f882b38	9361cfcd3595
187	569aa060c6319fb24ab21bbf699aad2c40f454c1	9361cfcd3595
188	03ba72faec115160d1f3aea5582d9b6af5d3e473	9361cfcd3595
189	a2a2411b1296a1c519c615b92d747e9c5df37d1e	9361cfcd3595
190	90a46eaccd99cf2980f8bbb3982e98bb26527f23	9361cfcd3595
191	48eaecd172c3a0dc48ddc2701c81d2d00b56a4ce	9361cfcd3595
192	d3bc571a38bb1bea06cc8b263b66a41a84bb7322	9361cfcd3595
193	ecdff7837cefdb02bcfaf810fb71cadb6b0a565b	9361cfcd3595
194	954d61e5e7cb9dc6c480fc28ac1cdceca07dd5bd	9361cfcd3595
195	88d66c5da9431d97108da4711b44f6adf70f9e49	9361cfcd3595
196	76b705576f9743fd6ab5ba839c6689b37912ae90	9361cfcd3595
197	1925d1bbe596babd37dae5d9be694ff7327b6ee2	9361cfcd3595
198	e4980b65b9caa3b887263a27c6a743fa029fd429	9361cfcd3595
199	d92754cd304b7790c8e016293cb2e3002bd77e6d	9361cfcd3595
200	74566377938375bf127f06ee0bb11e282b13f0f6	9361cfcd3595
201	afd5d186b70e476309dc5c1df6a0222017b8ab41	9361cfcd3595
202	28328a0b34b1a1e6724a62da6117167be3631c34	9361cfcd3595
203	97d7347a6e7ddc75220a02ede9a1831cd2b86a98	9361cfcd3595
204	c51a19be51e44843f807b6d86fcb345fc56f3c84	9361cfcd3595
205	f437767fa9e149911b1c07425778c0609b2b0d13	9361cfcd3595
206	96c33e5abbc45ebff2082f380120259dd74b63a2	9361cfcd3595
207	c083421f408f0ee5012dca431baefe8791858a33	9361cfcd3595
208	8a11f8ce173d93fc8c0748a87dd5b8817a74f85c	9361cfcd3595
209	35907223e11010e89dee11d48c7fdeecd491bc8f	9361cfcd3595
210	8412b1e2cd0e497d3ed4e590565c70c0b0efc10b	9361cfcd3595
211	b5f2e5c5405b54e7be0527529022ee590f5550ab	9361cfcd3595
212	27a4303f87473bc3475ff55af06de187cc8234d6	9361cfcd3595
213	984dc85a5f90e5fa2ec98f15db8ad96613c543b6	9361cfcd3595
214	7cc52f60356909b3dd260304c7c50c0693699353	9361cfcd3595
215	f47271f4556c6b4fa2f6cd8e50806bb1d7f35237	9361cfcd3595
216	27caa364b0d05d4f2dbd51f2a3ff8be58d35cae1	9361cfcd3595
217	d514bb866ef9d7d8ab394fbce5168c3b45f7c504	9361cfcd3595
218	a559eac472652e8098939af8828ff59eda3a66ae	9361cfcd3595
219	6f264b5d0c7a494934ca418634c47365f8b87e5a	9361cfcd3595
220	8abf1107500d516407ecfa916aca7ebc64c7c31e	9361cfcd3595
221	5d50f4efe1f82f1f1210c4900a8cbf5356630b6c	9361cfcd3595
222	2336a0348d2613ed580d25f90bd596db12560bfd	9361cfcd3595
223	0e0c463491004d0e69aad1368450e92d6647dff3	9361cfcd3595
224	e6869c2e0370b7139819521b5c4e1a9ef0bf392a	9361cfcd3595
225	ed8fefc9ca8fe0c8c21001ad5dc27daee8801e1c	9361cfcd3595
226	7996a4a2eeee6339703259e799c42814ccf79daa	9361cfcd3595
227	cbc05de76fbd4dfff17b5626d5cfe9ec922b1f4a	9361cfcd3595
228	3349978268ea8f8ace9bde1cb30bce922513fbe1	9361cfcd3595
229	529ec06abbc0aebac4ef719257d7b03efa643d64	9361cfcd3595
230	1571a3ebe4378621bbba93e4d5424e187bf00130	9361cfcd3595
231	787d651e8131c6394c6ff844f108e1a53012949f	9361cfcd3595
232	af5b4911de6e00306370460d978ac1654d3aeaec	9361cfcd3595
233	86234db0959e7c1533948d825335a14e0dfabad5	9361cfcd3595
234	3550a5553d0298d251583229acf5768a045eb3b1	9361cfcd3595
235	00544a4a74a77fb91c9d76a425144c4e7fdbbd47	9361cfcd3595
236	ace800e444435b291725c28c7984c8b656e38c74	9361cfcd3595
237	08103f048e5f54c8f60aaefda16761faf37114f2	9361cfcd3595
238	543ab5d08afe567bbd2cb1a6f646ad8e2e71169a	9361cfcd3595
239	26f38f4782275b888115fd28528837eee3e20049	9361cfcd3595
240	feb05fb2fd4d7541b56ac3eded54071748bde060	9361cfcd3595
241	a3fadd44d1392fd945f62b23078875a5f39c7fd4	9361cfcd3595
242	49170247413232d3cfa489fb1209037e697ced08	9361cfcd3595
243	2c914c073d71701b596fa58a84529712a0bd1eeb	9361cfcd3595
244	cb1df2f88c0d335e031ade0d52fd6a59528c622f	9361cfcd3595
245	be749d7efa7c9021da746e685bd6dec79f9dd99b	9361cfcd3595
246	d606cbbc641f1f8f5942f3318141c59a2576d126	9361cfcd3595
247	5cd1dabb3052b9a17c32180faf93804dc56af05a	9361cfcd3595
248	f110bd2e585394bf47baca34a06df2569a9232b6	9361cfcd3595
249	d44b594ab39d0de210ef86cfc72677995a52ab84	9361cfcd3595
250	6820448db52885a6828d805c1ce8ee7fcf6e4d65	9361cfcd3595
251	563d861f921492dae64e810c6673c991f1d2d3e2	9361cfcd3595
252	c69134d01746dcf551dd7724b4edb12f922eb0d1	9361cfcd3595
253	93688cbe72b190300d1be6b98e86b772df9b9ead	9361cfcd3595
254	0b5a7abf489e52d0e20a3de03bfffd674142b900	9361cfcd3595
255	62bc2e3432d097d87872df5e88e17143f264629a	9361cfcd3595
256	465352fb9987d3a4713963c61f6dc0b566abf1cd	9361cfcd3595
257	08d2bc766a82cd75764d036f9efef444590d1cf9	9361cfcd3595
258	3c8935676a97c7c97bf006db8312875b4f292f6c	9361cfcd3595
259	8872b1429a5e8a8a9d77a24d3610b51d647fad9c	9361cfcd3595
260	e13f11ba791e5069cb70978b9ae7a7cd05b7ebdf	9361cfcd3595
261	e750194cb1fce4e73dbd12e999757d348aa81ce9	9361cfcd3595
262	cf0d87a095becada87336ed786f11070e9a037b5	9361cfcd3595
263	20cffa37a8f2d5d4811bb1dbba693c35c0d7f4a6	9361cfcd3595
264	709c3dcf324bb7614c92a4cc6c67a0f2413dcd6d	9361cfcd3595
265	189b51c5dae85e193ec1601079e4a2a61145f3b4	9361cfcd3595
266	a3154a36f1280b55f8f6977e188ad4a45f15ba32	9361cfcd3595
267	2de7d04aaf67598e23d06573dcb4e370ebbad410	9361cfcd3595
268	f31ff795bdcb25231f18fb96f013093da5445e53	9361cfcd3595
269	60fb788aa586eb03eee1461cca4c6fe3f6b34bf2	9361cfcd3595
270	a8dbf6d8786279c075aa8cd6eb53ae28daa6bee1	9361cfcd3595
271	66d0a1793f323255d6deb2e9cb38650be3355067	9361cfcd3595
272	18dad60035b84c8fccda2f2c06509accb5763630	9361cfcd3595
273	18b7113b49076a8aa4709c903793889656860468	9361cfcd3595
274	f00060af4425bca474f689cbd533129c5766d067	9361cfcd3595
275	a0fdf115be15c410f68ab35158bff9048819225c	9361cfcd3595
276	f589f81a42c1d3b5d1fe8f1a9a9d41cdb6f53ccb	9361cfcd3595
277	a417b183c6661a41f78a4ff039ad8a01321cdcf5	9361cfcd3595
278	de99175cd0892828dcd0838a78fdf5c6ccde2866	9361cfcd3595
279	326f1f5ed5cc2242f8da41a35fc6e2699bea5736	9361cfcd3595
280	44547317756f1d3b5d6ee05b49c6b1d577b31fda	9361cfcd3595
281	533ff8a783be0d5c81581ab17cd2aeba3f0044c1	9361cfcd3595
282	6a848fce32eb78ce17ce6363d899a7613a19d290	9361cfcd3595
283	95368da1a13c1ced5507bb5b0a457729af34837c	9361cfcd3595
284	8badd19b64ac43cebf2c380474234b49e3601fd1	9361cfcd3595
285	d31fdefa389edb87fb308816224ffd147ac9958f	9361cfcd3595
286	6434d8643e582367e0c07eb72204df84f44ca1ee	24ccef56b623
287	98ecc0245a9c40de96a8b6285621ec5e5eae8c01	24ccef56b623
288	1f970e7db36f5dc61946f5a3fbc38ada88c43464	24ccef56b623
289	c06d8264d010186c3ac98fd1eaccf9b2ba735728	9361cfcd3595
290	69bc9ccc2031a85d0fb90a163554ca1281a9f20a	9361cfcd3595
291	4e3335618f4bf9583838dc254427f2307c5879e2	9361cfcd3595
292	2d4ad841927590198ecfb8b27335a0cd97cf15c1	9361cfcd3595
293	fa8b4545522a7b9031246158f12164ed5698fbf5	9361cfcd3595
294	74b2f038371d0359c11bf082c603e7aa11d360b2	9361cfcd3595
295	2c97086b97ee938e5e318e3fa0bd9bc074d88644	9361cfcd3595
296	f790e17b6cecef030c4eda811149d238c2085fcf	9361cfcd3595
297	2955fe5ec49a672848a323a7c943c9525d16c83f	9361cfcd3595
298	e8077d01500279a7b45b8cd7a0ae94ea7ad5748a	9361cfcd3595
299	0586a6c4379efc5ad4d9230dd7626b068337ede1	9361cfcd3595
300	ae7a7a1d0c9b7d29e6149b611286113f982ac254	9361cfcd3595
301	1be85ff26dc95fcb7b10c830f87ce4b9fb3f6059	9361cfcd3595
302	fa28d82f2e9fcb975ce9977c958afcbc34adf137	9361cfcd3595
303	3ece4c893c123aa3d77f90d580cf6b0a4b3a2ad5	9361cfcd3595
304	983bb2b4d67124688d2116924f0b58c1b80acf88	9361cfcd3595
305	97cf1d84e4688d0f5c96e67848770f9a58632e03	9361cfcd3595
306	f12cd7b701ef88f5224d2d26bbfd2614d423ff27	9361cfcd3595
307	65578af8cc021f9b14264e191a5ce42c28b034e9	9361cfcd3595
308	23e4fbc639cbb2ae501b45e961d343ac3a16a821	9361cfcd3595
309	5d55c6c2ee77805f4c8943ed419fb97fb60d748d	9361cfcd3595
310	ff0dabc72e261d34eb7d4a84349dd98286f0910e	9361cfcd3595
311	39853e5148dad8dc5d32ea2b00943cf4a0c6f120	9361cfcd3595
312	43f471bff1cd034e85184502457f5d7e900e2dd4	9361cfcd3595
313	2a6299d9047a08c031313758f3cf2d7b564a1718	9361cfcd3595
314	a82449fa3e83e0ddb7d27d870cbe830aec35e6a6	9361cfcd3595
315	7db005e0281b140a13c93c9aeda4f1ee1bd8e740	9361cfcd3595
316	b95a4c56b05fb3200780c1cacc3b1659a2832f8e	9361cfcd3595
317	cf97c6f066d81fdbba4ef722cfd327bbbba2365c	9361cfcd3595
318	3fb9d929e1b49a83ee81aa425a4635c35aea94a7	9361cfcd3595
319	60c3b0a5715bc2a7d9d6d614d95fc57b5e6eaed2	9361cfcd3595
320	0b13220419662d2d426ede6b75da4ae6c676269c	9361cfcd3595
321	2e5171d8d68c01445b042e6fa5b11d3efda47d89	9361cfcd3595
322	d2735278ed1c2e4556f53a7a782063b31331dbf7	9361cfcd3595
323	488169facacba84a4c7e5a99fb833a34abaa169a	9361cfcd3595
324	a1e1c208ff9fe17698196defc6ae4d548bc6dacb	9361cfcd3595
325	2f6fc7f0f28b4dab68a3d7fcf447beabefd04afb	9361cfcd3595
326	4100379a04f2f2838ffb00c4ad3d0dd9e49f4147	9361cfcd3595
327	7b6645794d67eebb20678d8d30e8e8ba5357184a	9361cfcd3595
328	9226e4ed8c282c2d25669646e8802d00321a57dc	9361cfcd3595
329	6ea4c01e4e6ff579de0ae4a5f44768307cbb9c69	9361cfcd3595
330	324a6ac9a9b285ff7a5a3e5b2071e3624b94f2db	9361cfcd3595
331	7795249dd42ad4fa9874c57947a699567b896fd1	9361cfcd3595
332	744e47353accda69c4d2f3d022eeacbf7b7d463e	9361cfcd3595
333	d348621ca93571343a56862df7de4ff3bc9b5667	9361cfcd3595
334	f50dafc7d0bfd4f45449ab5665bfea831a82f2eb	9361cfcd3595
335	b9eff8b02afd0e2612b695fb8d67d56839b126ce	9361cfcd3595
336	189dcde644a08f3e26af9663511b3373f8f2d73c	9361cfcd3595
337	e5dbaee1316d0b36e8e120b4420c9b92352057a5	9361cfcd3595
338	c77a68892761a1f4b1d5aadec72434615fcd1d85	9361cfcd3595
339	203a0dec6ff06e3842fa23a1bc9825aecf56b381	9361cfcd3595
340	d321fa9e6e574ff93518f6384865b9af0a4a4afc	9361cfcd3595
341	61eb84d991cede2d6331a1222f872a93a054ace5	9361cfcd3595
342	e7ebe77ebfb1251e0ea33086efaa82ac038c4e0c	9361cfcd3595
343	c7025b093aafec4da590638afe8453fee1899a97	9361cfcd3595
344	2fc55f6793ff6a427e795cf3b8a68a534afb78a2	9361cfcd3595
345	3cecc404664860bb4edbd9563b511bdf009d57ad	9361cfcd3595
346	a6424b85dde200a87cac26451c6f0a6f3426681f	9361cfcd3595
347	b45f48e600671feade0b6bd65d1c69de7899f2be	9361cfcd3595
348	766dd9d590bfbda32e6f77bff096c15eebffa3f0	9361cfcd3595
349	543c28869e4b215522635b7270b4b7cbb43030af	9361cfcd3595
350	545710e3bfff09f875222b003de9044699769301	9361cfcd3595
351	cb8693b058ba302f4829ec6d03f609ac6f848546	9361cfcd3595
352	60ff122ef5862d04b39b150541459e7f5e35add8	9361cfcd3595
353	f66cbab4bfb3926ffd4c5e13f9fb6d506ee0241d	9361cfcd3595
354	87d8f0961a01bf09bef98ff89bae9fdec42181ee	9361cfcd3595
355	7e4d5dabe7a9b754c601f214e65b544e67ba9f59	9361cfcd3595
356	66e9dff670a953586d4e75296f021a1c40f66768	9361cfcd3595
357	5671646e9779ef8fa35990a5084e7e472e024862	9361cfcd3595
358	19396a49a60a1937bc8cbf30ab5579f089ee2f0f	9361cfcd3595
359	98f9eb0412067a852ec107c68e49180fe4e472dc	9361cfcd3595
360	826cd6f842ae7e46ee38bbc097f9a34f2947388d	9361cfcd3595
361	3ef4e4e730e5efd381be612df41e1ff3f5bb3c32	9361cfcd3595
362	a20be7996dbb05631fbc98ab48fa6be31fe5c275	9361cfcd3595
363	542fb0eadd3db62630c1eb958e685f1d8e30694e	9361cfcd3595
364	5b502cdbfb21fbe5f6cf9ffbd2b96e4281a741e6	9361cfcd3595
365	76be8fcf15677ca7f6db7c770f5ae6bf8b41d78f	9361cfcd3595
366	acc76239bee01d8e9c858ae2cab296704e52d916	9361cfcd3595
367	8a334b014038ef02065fcd41e6096c99102bcc36	9361cfcd3595
368	324973008ced4ea03d1626a00915d0399ecbd9db	9361cfcd3595
369	424ce4ce9668f288fb4ab665775546d3ed709e96	9361cfcd3595
370	f28a468e3b287d633fea5d4d5ab444bb9354b4bc	9361cfcd3595
371	a78d975537a8df40d58a96f8ce326d7fb625e1e5	9361cfcd3595
372	d6d5449e1f271556ea8e6ec0f3026ceb0b4a9508	9361cfcd3595
373	b47edc4750301a17bcc72bf20323d2f625a4ae05	9361cfcd3595
374	4f4d7f70c253927c4d8130771168c9fa7864d2d4	9361cfcd3595
375	078c4e6c53f13dff15f0eaac1611abb6379e0206	9361cfcd3595
376	9d1b229086a7b069fb5f4e3be0226a22480a6707	9361cfcd3595
377	12c4bf1986c288950a3d06da757109a6aa1ece38	9361cfcd3595
378	a328d65ad490b64da8c87523cbbfe16050ba5bf6	9361cfcd3595
379	8f2beb57ddad1f94bed899790b00f46df893ccac	9361cfcd3595
380	74e1ff4994aa4139126967f6d289b675b4b36fef	9361cfcd3595
381	c859b25da02955fef659d658b8f324b5cde87be3	9361cfcd3595
382	a29814f285cc531c00223743ad3c55cd38c0dc56	9361cfcd3595
383	5cc0e39f42dfe28cb8541f95fa2c513f0d550210	9361cfcd3595
384	a3f3d6c7843f3021b648623d13bc4fbca0084838	9361cfcd3595
385	b2890c8d76bbb64e710585ebc0a917196b9c67e7	9361cfcd3595
386	fb16e5cf358798aabb049655975cde8427101056	9361cfcd3595
